messageGuid,deviceGuid,createdDate,receivedDate,latitude,longitude,data,messageSize,callbackDeliveryStatus
3002e0a7-f8cc-4343-8441-fd8e8ad60b46,0d9841f6-d3fe-4ad6-a325-2d2f7065baae,02/18/2024 00:14:31,02/18/2024 09:41:26,52.278307,20.809175,MSw0LDAuMC4y,17,4
9155c398-4dfd-4e3c-9bdb-c59b3a0538f9,0d9841f6-d3fe-4ad6-a325-2d2f7065baae,02/18/2024 03:15:11,02/18/2024 09:41:27,52.278373,20.809241,MSwxMCw1MjI3ODM3MzAsMjA4MDkyNDEw,32,4
17e4018e-1cad-42f0-8013-9c5600ac5348,0d9841f6-d3fe-4ad6-a325-2d2f7065baae,02/18/2024 02:15:01,02/18/2024 09:41:27,52.278457,20.809183,MSwyOCw1MjI3ODQ1NzAsMjA4MDkxODMw,32,4
32e82bd6-106a-40b3-9163-2bf544c64ef3,0d9841f6-d3fe-4ad6-a325-2d2f7065baae,02/18/2024 04:15:21,02/18/2024 09:41:28,52.278371,20.809383,MSwxMCw1MjI3ODM3MTAsMjA4MDkzODMw,32,4
c4f39c37-f7f3-4505-ac59-efff3ea9fc4e,0d9841f6-d3fe-4ad6-a325-2d2f7065baae,02/18/2024 05:15:47,02/18/2024 11:35:16,52.278215,20.809213,MSwyNyw1MjI3ODIxNTAsMjA4MDkyMTMw,32,4
136d07ff-9a93-491b-9e83-3ffbfd7b6735,0d9841f6-d3fe-4ad6-a325-2d2f7065baae,02/18/2024 06:16:04,02/18/2024 11:35:16,52.278898,20.808729,MSwxNyw1MjI3ODg5ODAsMjA4MDg3Mjkw,32,4
72bd977b-fb38-4e89-9030-c999f8f66844,0d9841f6-d3fe-4ad6-a325-2d2f7065baae,02/18/2024 07:16:14,02/18/2024 11:35:17,52.278222,20.808803,MSwxMSw1MjI3ODIyMjAsMjA4MDg4MDMw,32,4
72eb4669-254e-4d10-b044-baeda43b1646,0d9841f6-d3fe-4ad6-a325-2d2f7065baae,02/18/2024 08:16:48,02/18/2024 11:35:17,52.27825,20.809141,MSwzMyw1MjI3ODI1MDAsMjA4MDkxNDEw,32,4
95737ac2-ea32-4131-b1e5-e229e1ed8c0d,0d9841f6-d3fe-4ad6-a325-2d2f7065baae,02/18/2024 11:30:15,02/18/2024 14:43:12,52.278231,20.809167,MSw1MCwwLjAuMg==,18,4
129195ea-ea3e-440c-adfc-9176a58afc9b,0d9841f6-d3fe-4ad6-a325-2d2f7065baae,02/18/2024 13:30:53,02/18/2024 15:47:49,52.278305,20.809194,MSwzOCw1MzY4NzM3NDgsNTEsNTIyNzgzMDUwLDIwODA5MTk0MA==,45,4
69906483-929c-48de-85ba-d3e9831a33e8,0d9841f6-d3fe-4ad6-a325-2d2f7065baae,02/18/2024 19:46:47,02/18/2024 19:50:19,52.278365,20.809149,MiwxLjQsMzgsMiw1MjI3ODM2NTAsMjA4MDkxNDkw,38,4
cb312cbb-dda7-4c3b-aa3d-1da1882b5b65,0d9841f6-d3fe-4ad6-a325-2d2f7065baae,02/18/2024 18:46:08,02/18/2024 20:42:06,52.278368,20.809152,MSwyLjAsMTQsMSw1MjI3ODM2ODAsMjA4MDkxNTIw,38,4
22c379ea-577e-4b9b-897c-546034c2c175,0d9841f6-d3fe-4ad6-a325-2d2f7065baae,02/18/2024 20:47:01,02/18/2024 21:18:39,52.278344,20.809226,MywxLjUsMTQsMiw1MjI3ODM0NDAsMjA4MDkyMjYw,38,4
8ba4a8ba-9c77-4e52-a284-bda0f5735af1,0d9841f6-d3fe-4ad6-a325-2d2f7065baae,02/18/2024 21:47:30,02/18/2024 23:41:00,52.278365,20.809197,NCwxLjIsMjksMyw1MjI3ODM2NTAsMjA4MDkxOTcw,38,4
20ab190d-8ac3-4f38-a12c-bf931778a304,0d9841f6-d3fe-4ad6-a325-2d2f7065baae,02/20/2024 20:12:15,02/20/2024 21:53:27,52.278248,20.809247,MSwxLjgsMjEsMSw1MjI3ODI0ODAsMjA4MDkyNDcw,38,4
e9413b6f-9f64-4df7-9560-7d6676546d3c,0d9841f6-d3fe-4ad6-a325-2d2f7065baae,02/20/2024 22:16:13,02/20/2024 22:23:57,52.278294,20.809102,MywxLjcsMTMsMiw1MjI3ODI5NDAsMjA4MDkxMDIw,38,4
5800eaca-bb2c-456e-9264-a1782a31d0f6,0d9841f6-d3fe-4ad6-a325-2d2f7065baae,02/20/2024 21:16:00,02/20/2024 22:23:57,52.278184,20.809223,MiwxLjYsMzYsMSw1MjI3ODE4NDAsMjA4MDkyMjMw,38,4
af3ea046-fbbc-46e0-82c4-88fda64d18c6,0d9841f6-d3fe-4ad6-a325-2d2f7065baae,02/21/2024 01:20:05,02/21/2024 01:23:31,52.278163,20.809216,NSwxLjYsNDEsMyw1MjI3ODE2MzAsMjA4MDkyMTYw,38,4
91e3b342-4a96-429c-9cfe-bd54cb2a779e,0d9841f6-d3fe-4ad6-a325-2d2f7065baae,02/20/2024 23:20:59,02/21/2024 01:55:42,52.27837,20.809145,NCwxLjQsMzksMiw1MjI3ODM3MDAsMjA4MDkxNDUw,38,4
bed452ac-8e91-4551-9ae2-fdf777536dd3,0d9841f6-d3fe-4ad6-a325-2d2f7065baae,02/21/2024 02:21:23,02/21/2024 09:22:52,52.278152,20.809228,NiwxLjQsMTYsMyw1MjI3ODE1MjAsMjA4MDkyMjgw,38,4
4c05618f-a40c-4193-a46c-88b5a0633402,0d9841f6-d3fe-4ad6-a325-2d2f7065baae,02/21/2024 08:58:48,02/21/2024 11:22:01,52.278517,20.809391,MSwxLjMsMjAsMCw1MjI3ODUxNzAsMjA4MDkzOTEw,38,4
4962252f-0553-4b8a-b48b-66a41bc2a7ca,0d9841f6-d3fe-4ad6-a325-2d2f7065baae,02/21/2024 10:56:56,02/21/2024 14:09:03,52.278898,20.809214,MiwxLjgsMTQsMCw1MjI3ODg5ODAsMjA4MDkyMTQw,38,4
ff01f9bd-9360-4bab-ac7b-fd68e3b4053c,0d9841f6-d3fe-4ad6-a325-2d2f7065baae,02/21/2024 12:11:12,02/21/2024 15:38:54,52.278512,20.809107,MywxLjgsMTIsMCw1MjI3ODUxMjAsMjA4MDkxMDcw,38,4
c747c281-46b9-43ea-aba5-c35b4966157e,0d9841f6-d3fe-4ad6-a325-2d2f7065baae,02/21/2024 13:11:25,02/21/2024 15:38:54,52.278676,20.809263,NCwxLjgsMTQsMSw1MjI3ODY3NjAsMjA4MDkyNjMw,38,4
97217bfc-cf51-41ca-b2a2-f8d908b54546,0d9841f6-d3fe-4ad6-a325-2d2f7065baae,02/21/2024 14:11:39,02/21/2024 15:38:55,52.278291,20.809413,NSwxLjcsMTQsMSw1MjI3ODI5MTAsMjA4MDk0MTMw,38,4
2adfe1ac-f5d7-424e-aa4e-c2e92954f4f8,0d9841f6-d3fe-4ad6-a325-2d2f7065baae,02/21/2024 15:15:17,02/21/2024 20:08:18,52.278553,20.80932,NiwxLjYsNDEsMiw1MjI3ODU1MzAsMjA4MDkzMjAw,38,4
0a3f73cd-8094-4669-a21c-dd8568b32ab9,0d9841f6-d3fe-4ad6-a325-2d2f7065baae,02/21/2024 16:15:28,02/21/2024 22:27:34,52.278188,20.809165,NywxLjQsMTEsMiw1MjI3ODE4ODAsMjA4MDkxNjUw,38,4
a1d2a389-96fb-4e8d-9f06-ddc1546a54db,0d9841f6-d3fe-4ad6-a325-2d2f7065baae,02/21/2024 17:15:31,02/21/2024 22:27:35,52.278157,20.809529,OCwxLjYsNCwyLDUyMjc4MTU3MCwyMDgwOTUyOTA=,37,4
b5d8c0bf-5d73-4567-9aa3-aaa2dc1d6798,0d9841f6-d3fe-4ad6-a325-2d2f7065baae,02/21/2024 18:15:41,02/21/2024 22:27:35,52.2779079,20.808483,OSwxLjYsMTEsMiw1MjI3NzkwNzksMjA4MDg0ODMw,38,4
eeb0c1cf-5640-4488-bbcd-c95459426398,0d9841f6-d3fe-4ad6-a325-2d2f7065baae,02/21/2024 19:15:51,02/21/2024 22:27:35,52.278206,20.808816,MTAsMS42LDEwLDIsNTIyNzgyMDYwLDIwODA4ODE2MA==,39,4
eb615dbe-1a0a-4183-aecc-3d2cd0e25d9f,0d9841f6-d3fe-4ad6-a325-2d2f7065baae,02/21/2024 21:47:11,02/21/2024 23:30:04,52.277812,20.808957,MTEsMS40LDUsMiw1MjI3NzgxMjAsMjA4MDg5NTcw,38,4
0788bdc1-4664-4f88-b234-8d702d17cc6a,0d9841f6-d3fe-4ad6-a325-2d2f7065baae,02/21/2024 22:53:02,02/22/2024 00:27:44,52.278304,20.8093429,MTIsMS4zLDUsMiw1MjI3ODMwNDAsMjA4MDkzNDI5,38,4
33861427-495b-4ac3-827e-3958ea089d24,0d9841f6-d3fe-4ad6-a325-2d2f7065baae,02/21/2024 23:53:15,02/22/2024 00:27:45,52.278061,20.809294,MTMsMS42LDEzLDMsNTIyNzgwNjEwLDIwODA5Mjk0MA==,39,4
7e938b7a-cdd0-448b-8ebf-db3674c10923,0d9841f6-d3fe-4ad6-a325-2d2f7065baae,02/22/2024 01:26:23,02/22/2024 09:49:05,52.278625,20.810079,MTQsMS41LDEzLDMsNTIyNzg2MjUwLDIwODEwMDc5MA==,39,4
68ecaeee-daa0-45f9-a53d-37525d36466d,0d9841f6-d3fe-4ad6-a325-2d2f7065baae,02/22/2024 02:26:35,02/22/2024 09:49:05,52.278106,20.80963,MTUsMS41LDEyLDMsNTIyNzgxMDYwLDIwODA5NjMwMA==,39,4
f151eec1-1369-4f58-aeef-85c97f369db8,0d9841f6-d3fe-4ad6-a325-2d2f7065baae,02/22/2024 05:27:12,02/22/2024 09:49:06,52.278521,20.808964,MTgsMS41LDEyLDQsNTIyNzg1MjEwLDIwODA4OTY0MA==,39,4
6e1634ad-9384-42aa-9fdb-848db860d6e4,0d9841f6-d3fe-4ad6-a325-2d2f7065baae,02/22/2024 03:26:46,02/22/2024 09:49:06,52.278429,20.8092979,MTYsMS43LDEyLDMsNTIyNzg0MjkwLDIwODA5Mjk3OQ==,39,4
d615a905-1686-4fd1-94c8-b7907a2d770d,0d9841f6-d3fe-4ad6-a325-2d2f7065baae,02/22/2024 04:27:00,02/22/2024 09:49:06,52.278354,20.809112,MTcsMS41LDE1LDMsNTIyNzgzNTQwLDIwODA5MTEyMA==,39,4
0e71eeb2-71ca-42c9-82a6-f61f34156b9c,0d9841f6-d3fe-4ad6-a325-2d2f7065baae,02/22/2024 06:27:49,02/22/2024 10:09:49,52.278432,20.809166,MTksMS40LDM3LDQsNTIyNzg0MzIwLDIwODA5MTY2MA==,39,4
18d483b5-68a9-4d97-b171-e5b25dc6a1ed,0d9841f6-d3fe-4ad6-a325-2d2f7065baae,02/22/2024 07:27:58,02/22/2024 10:09:49,52.278221,20.809679,MjAsMi4wLDksNCw1MjI3ODIyMTAsMjA4MDk2Nzkw,38,4
781e3fb9-93d6-4739-a1fc-629ada108f50,0d9841f6-d3fe-4ad6-a325-2d2f7065baae,02/22/2024 09:46:17,02/22/2024 11:12:52,52.2783019,20.809129,MjEsMS4yLDIwLDUsNTIyNzgzMDE5LDIwODA5MTI5MA==,39,4
317bd3f5-1fbf-4992-b74d-085df146b35d,0d9841f6-d3fe-4ad6-a325-2d2f7065baae,02/21/2024 07:58:29,02/22/2024 12:57:48,52.278418,20.809017,MCwxLjUsNiwwLDAuMC4y,23,4
cf10eea4-4bd8-4d5c-9baf-816f3a1aba47,0d9841f6-d3fe-4ad6-a325-2d2f7065baae,02/22/2024 10:47:57,02/22/2024 12:57:50,52.27933,20.809152,MjIsMS41LDMzLDUsNTIyNzkzMzAwLDIwODA5MTUyMA==,39,4
a7a0291c-6fd2-479f-a49a-176de070d260,0d9841f6-d3fe-4ad6-a325-2d2f7065baae,02/22/2024 12:30:48,02/22/2024 16:48:34,52.278371,20.809275,MjMsMS40LDM5LDYsNTIyNzgzNzEwLDIwODA5Mjc1MA==,39,4
ca301f60-ca08-4464-a38d-2a06853649f6,0d9841f6-d3fe-4ad6-a325-2d2f7065baae,02/22/2024 13:30:52,02/22/2024 16:48:34,52.278018,20.809711,MjQsMS4zLDUsNiw1MjI3ODAxODAsMjA4MDk3MTEw,38,4
a3b145cf-c57a-4d6c-aef3-eabd0e72e2f8,0d9841f6-d3fe-4ad6-a325-2d2f7065baae,02/22/2024 16:23:00,02/22/2024 21:37:39,52.277904,20.809288,MjYsMS41LDE0LDYsNTIyNzc5MDQwLDIwODA5Mjg4MA==,39,4
127643d8-57b6-412d-a2db-d3836660a6cf,0d9841f6-d3fe-4ad6-a325-2d2f7065baae,02/22/2024 17:23:12,02/22/2024 21:37:39,52.278412,20.809633,MjcsMS4yLDEzLDcsNTIyNzg0MTIwLDIwODA5NjMzMA==,39,4
eb425488-6268-4a76-8e4f-a642e78ee037,0d9841f6-d3fe-4ad6-a325-2d2f7065baae,02/22/2024 21:37:47,02/22/2024 22:13:55,52.277928,20.8093429,MzAsMS4xLDIwLDgsNTIyNzc5MjgwLDIwODA5MzQyOQ==,39,4
04d631f7-5f4b-4f21-a336-83dfb56b20af,0d9841f6-d3fe-4ad6-a325-2d2f7065baae,02/22/2024 19:24:18,02/23/2024 02:03:23,52.278198,20.8090699,MjksMS41LDM0LDgsNTIyNzgxOTgwLDIwODA5MDY5OQ==,39,4
821a38e7-fe7d-4118-b5d2-4f4981bd223d,0d9841f6-d3fe-4ad6-a325-2d2f7065baae,02/22/2024 18:23:45,02/23/2024 02:03:25,52.278079,20.808818,MjgsMS4zLDMzLDcsNTIyNzgwNzkwLDIwODA4ODE4MA==,39,4
2609d3b0-e7fd-43c5-9c1f-403decd39c98,0d9841f6-d3fe-4ad6-a325-2d2f7065baae,02/22/2024 22:38:18,02/23/2024 02:10:08,52.278185,20.8098439,MzEsMS4wLDMxLDksNTIyNzgxODUwLDIwODA5ODQzOQ==,39,4
31f2fa95-56f1-417c-b98a-f7fb02b1a92b,0d9841f6-d3fe-4ad6-a325-2d2f7065baae,02/22/2024 23:38:32,02/23/2024 02:10:08,52.278516,20.809156,MzIsMS4wLDE0LDksNTIyNzg1MTYwLDIwODA5MTU2MA==,39,4
5a974260-a907-48bc-aba4-647bcb6129ef,0d9841f6-d3fe-4ad6-a325-2d2f7065baae,02/23/2024 07:09:08,02/23/2024 10:15:32,52.278203,20.809322,MzgsMS40LDU0LDEyLDUyMjc4MjAzMCwyMDgwOTMyMjA=,40,4
2de30109-3bc9-4f25-a6be-725aacd31574,0d9841f6-d3fe-4ad6-a325-2d2f7065baae,02/23/2024 02:06:31,02/23/2024 11:24:40,52.27829,20.809162,MzMsMS4xLDM5LDksNTIyNzgyOTAwLDIwODA5MTYyMA==,39,4
a4b9fd81-003c-4f93-bf47-ce74f02124f9,0d9841f6-d3fe-4ad6-a325-2d2f7065baae,02/23/2024 03:06:46,02/23/2024 11:24:40,52.278685,20.809349,MzQsMS40LDE1LDEwLDUyMjc4Njg1MCwyMDgwOTM0OTA=,40,4
64e3c960-c439-49f5-8a6d-f30016d76a08,0d9841f6-d3fe-4ad6-a325-2d2f7065baae,02/23/2024 04:07:10,02/23/2024 11:24:40,52.278399,20.809256,MzUsMS40LDI1LDEwLDUyMjc4Mzk5MCwyMDgwOTI1NjA=,40,4
683bc328-53c2-434f-80c8-ae6d4323c630,0d9841f6-d3fe-4ad6-a325-2d2f7065baae,02/23/2024 06:08:14,02/23/2024 11:24:41,52.278374,20.809458,MzcsMS43LDE0LDExLDUyMjc4Mzc0MCwyMDgwOTQ1ODA=,40,4
c8c57678-d0ad-44d6-81f0-05bd83cffa32,0d9841f6-d3fe-4ad6-a325-2d2f7065baae,02/23/2024 05:08:01,02/23/2024 11:24:41,52.278205,20.809423,MzYsMS4yLDUxLDExLDUyMjc4MjA1MCwyMDgwOTQyMzA=,40,4
95586cc9-15f0-461c-bcd6-4865603d7531,0d9841f6-d3fe-4ad6-a325-2d2f7065baae,02/23/2024 08:09:26,02/23/2024 13:06:35,52.278367,20.809117,MzksMS4zLDE4LDEyLDUyMjc4MzY3MCwyMDgwOTExNzA=,40,4
20d65ae9-de7f-475c-a9fc-3301505db7a8,0d9841f6-d3fe-4ad6-a325-2d2f7065baae,02/23/2024 09:51:00,02/23/2024 13:06:39,52.278319,20.809181,NDAsMS4yLDI1LDEzLDUyMjc4MzE5MCwyMDgwOTE4MTA=,40,4
f6c75a04-cd52-49a9-a8a6-c30f5d55502c,0d9841f6-d3fe-4ad6-a325-2d2f7065baae,02/23/2024 10:58:13,02/23/2024 14:47:37,52.278566,20.808832,NDEsMS40LDUsMTMsNTIyNzg1NjYwLDIwODA4ODMyMA==,39,4
cf837b4a-3045-40d0-82a4-a8acfcf28ff0,0d9841f6-d3fe-4ad6-a325-2d2f7065baae,02/23/2024 12:50:41,02/23/2024 15:22:47,52.278404,20.809338,NDIsMS4zLDgsMTMsNTIyNzg0MDQwLDIwODA5MzM4MA==,39,4
16ce8af9-c9f3-489c-961d-1974e94f5727,0d9841f6-d3fe-4ad6-a325-2d2f7065baae,02/23/2024 13:50:52,02/23/2024 15:22:49,52.278487,20.809141,NDMsMS4xLDEyLDEzLDUyMjc4NDg3MCwyMDgwOTE0MTA=,40,4
43066b2a-0af7-4cf7-8e64-e781037293c4,0d9841f6-d3fe-4ad6-a325-2d2f7065baae,02/23/2024 14:58:44,02/23/2024 20:33:19,52.278432,20.809212,NDQsMS4zLDksMTMsNTIyNzg0MzIwLDIwODA5MjEyMA==,39,4
b67965ca-e7d0-4199-959e-dd29f15aacd3,0d9841f6-d3fe-4ad6-a325-2d2f7065baae,02/23/2024 19:02:32,02/23/2024 22:26:53,52.278127,20.80924,NDcsMS44LDU1LDE3LDUyMjc4MTI3MCwyMDgwOTI0MDA=,40,4
cf6c2028-69ca-4323-9155-0e87d0a082ac,0d9841f6-d3fe-4ad6-a325-2d2f7065baae,02/23/2024 16:59:38,02/23/2024 22:26:58,52.277563,20.809015,NDYsMS4zLDIyLDE0LDUyMjc3NTYzMCwyMDgwOTAxNTA=,40,4
8feeb9fc-de54-4148-99a7-4b0f38537ea2,0d9841f6-d3fe-4ad6-a325-2d2f7065baae,02/23/2024 20:02:59,02/23/2024 22:26:58,52.2782849,20.809189,NDgsMS4yLDI3LDE4LDUyMjc4Mjg0OSwyMDgwOTE4OTA=,40,4
f224dce6-2fc3-460e-a2ff-1c14badc0d76,0d9841f6-d3fe-4ad6-a325-2d2f7065baae,02/23/2024 15:59:16,02/23/2024 22:26:59,52.2785749,20.809151,NDUsMS40LDMzLDE0LDUyMjc4NTc0OSwyMDgwOTE1MTA=,40,4
765c8ea1-fe23-4885-ae67-b6cdf02a82f3,0d9841f6-d3fe-4ad6-a325-2d2f7065baae,02/23/2024 21:48:12,02/23/2024 22:34:38,52.278344,20.809208,NDksMS44LDgsMTgsNTIyNzgzNDQwLDIwODA5MjA4MA==,39,4
98183893-35ee-4911-9db0-869384878f54,0d9841f6-d3fe-4ad6-a325-2d2f7065baae,02/24/2024 00:32:05,02/24/2024 00:43:48,52.278434,20.8091,NTEsMS41LDYsMTgsNTIyNzg0MzQwLDIwODA5MTAwMA==,39,4
a285eb45-d665-4eca-80cb-d6b2f90c9d0c,0d9841f6-d3fe-4ad6-a325-2d2f7065baae,02/23/2024 23:31:59,02/24/2024 00:43:49,52.278418,20.809117,NTAsMS4zLDIzLDE4LDUyMjc4NDE4MCwyMDgwOTExNzA=,40,4
3dfe07ea-29c9-485f-84d2-0db66396c4fa,0d9841f6-d3fe-4ad6-a325-2d2f7065baae,02/24/2024 01:42:13,02/24/2024 09:52:51,52.278089,20.809307,NTIsMS41LDUsMTgsNTIyNzgwODkwLDIwODA5MzA3MA==,39,4
48705655-62b0-484c-a6ea-b4c464ac579f,0d9841f6-d3fe-4ad6-a325-2d2f7065baae,02/24/2024 02:42:23,02/24/2024 09:52:51,52.277836,20.809556,NTMsMS44LDEwLDE5LDUyMjc3ODM2MCwyMDgwOTU1NjA=,40,4
8d74326a-2252-4b41-901d-1b68b66cbfa2,0d9841f6-d3fe-4ad6-a325-2d2f7065baae,02/24/2024 07:43:19,02/24/2024 11:49:37,52.278317,20.809095,NTgsMS40LDQsMTksNTIyNzgzMTcwLDIwODA5MDk1MA==,39,4
fdacb022-e294-4a44-a0f3-e0ee5ff87d7c,0d9841f6-d3fe-4ad6-a325-2d2f7065baae,02/24/2024 09:29:36,02/24/2024 14:20:34,52.2779979,20.809296,NTksMS40LDE3LDIwLDUyMjc3OTk3OSwyMDgwOTI5NjA=,40,4
2c714cce-35c9-4119-af1c-a2509917331e,0d9841f6-d3fe-4ad6-a325-2d2f7065baae,02/24/2024 12:22:40,02/24/2024 15:29:31,52.2784059,20.809042,NjAsMS42LDE1LDIwLDUyMjc4NDA1OSwyMDgwOTA0MjA=,40,4
0c934afe-8669-41e4-be07-58b1918292ca,0d9841f6-d3fe-4ad6-a325-2d2f7065baae,02/24/2024 13:22:46,02/24/2024 15:29:32,52.2788309,20.809385,NjEsMS4zLDYsMjAsNTIyNzg4MzA5LDIwODA5Mzg1MA==,39,4
78e9a960-2139-43aa-9651-4faf6f5faff8,0d9841f6-d3fe-4ad6-a325-2d2f7065baae,02/24/2024 03:42:32,02/24/2024 19:10:26,52.278138,20.809275,NTQsMS40LDEwLDE5LDUyMjc4MTM4MCwyMDgwOTI3NTA=,40,4
635466b2-a72a-444d-80fd-2db5e27541be,0d9841f6-d3fe-4ad6-a325-2d2f7065baae,02/24/2024 04:43:00,02/24/2024 19:10:26,52.2783609,20.809156,NTUsMS41LDI4LDE5LDUyMjc4MzYwOSwyMDgwOTE1NjA=,40,4
1a22394c-15dd-4338-916f-1a63eddd563c,0d9841f6-d3fe-4ad6-a325-2d2f7065baae,02/24/2024 05:43:09,02/24/2024 19:10:26,52.278158,20.808989,NTYsMS4zLDEwLDE5LDUyMjc4MTU4MCwyMDgwODk4OTA=,40,4
b1412daf-b923-4171-9559-f63c369f0817,0d9841f6-d3fe-4ad6-a325-2d2f7065baae,02/24/2024 06:43:16,02/24/2024 19:10:26,52.277888,20.808902,NTcsMS41LDcsMTksNTIyNzc4ODgwLDIwODA4OTAyMA==,39,4
2e8faaaf-5eec-477f-a26b-819ec62ae6cf,0d9841f6-d3fe-4ad6-a325-2d2f7065baae,02/24/2024 19:07:02,02/24/2024 20:41:43,52.278383,20.8089,NjYsMS43LDEyLDIxLDUyMjc4MzgzMCwyMDgwODkwMDA=,40,4
7a5785d3-83f0-447a-857e-eb5df6564612,0d9841f6-d3fe-4ad6-a325-2d2f7065baae,02/24/2024 15:06:07,02/24/2024 21:56:38,52.278494,20.809581,NjIsMS4yLDE3LDIwLDUyMjc4NDk0MCwyMDgwOTU4MTA=,40,4
14b3dd78-baa4-4656-91b5-86c6e8f91da3,0d9841f6-d3fe-4ad6-a325-2d2f7065baae,02/24/2024 16:06:30,02/24/2024 21:56:44,52.278623,20.809179,NjMsMS4zLDI0LDIxLDUyMjc4NjIzMCwyMDgwOTE3OTA=,40,4
cb581675-1924-417c-81c3-4ad98da6a78d,0d9841f6-d3fe-4ad6-a325-2d2f7065baae,02/24/2024 17:06:41,02/24/2024 21:56:45,52.277885,20.809337,NjQsMS42LDEwLDIxLDUyMjc3ODg1MCwyMDgwOTMzNzA=,40,4
1948bb05-8796-4bcb-8162-f4560be6b8c2,0d9841f6-d3fe-4ad6-a325-2d2f7065baae,02/24/2024 18:06:52,02/24/2024 21:56:50,52.278212,20.808932,NjUsMS4zLDExLDIxLDUyMjc4MjEyMCwyMDgwODkzMjA=,40,4
d66cc2d5-0f90-4913-a86a-6533ccd4c6db,0d9841f6-d3fe-4ad6-a325-2d2f7065baae,02/24/2024 20:07:22,02/24/2024 23:41:21,52.278334,20.808838,NjcsMS41LDIwLDIyLDUyMjc4MzM0MCwyMDgwODgzODA=,40,4
c571e459-a47f-4654-8322-436a55d86759,0d9841f6-d3fe-4ad6-a325-2d2f7065baae,02/24/2024 21:38:45,02/24/2024 23:41:27,52.278062,20.808871,NjgsMS4yLDcsMjIsNTIyNzgwNjIwLDIwODA4ODcxMA==,39,4
671a49ce-6b17-47d0-9ee2-548a080b961c,0d9841f6-d3fe-4ad6-a325-2d2f7065baae,02/24/2024 23:05:09,02/25/2024 00:19:32,52.278091,20.809758,NjksMS41LDI0LDIyLDUyMjc4MDkxMCwyMDgwOTc1ODA=,40,4
1f043637-482e-4648-a3f4-9d92714d588b,0d9841f6-d3fe-4ad6-a325-2d2f7065baae,02/25/2024 00:05:31,02/25/2024 00:19:32,52.278384,20.809119,NzAsMS4xLDIyLDIzLDUyMjc4Mzg0MCwyMDgwOTExOTA=,40,4
60efd04c-a8be-488f-affe-1e09a7843288,0d9841f6-d3fe-4ad6-a325-2d2f7065baae,02/25/2024 01:18:08,02/25/2024 01:26:43,52.2783779,20.809067,NzEsMS41LDcsMjMsNTIyNzgzNzc5LDIwODA5MDY3MA==,39,4
f7d2c8b3-a38e-405a-b4fb-de4f1dbed804,0d9841f6-d3fe-4ad6-a325-2d2f7065baae,02/25/2024 06:20:44,02/25/2024 10:17:53,52.27826,20.80869,NzYsMS4zLDE4LDI0LDUyMjc4MjYwMCwyMDgwODY5MDA=,40,4
dd0cd9bb-009a-4187-8fa0-43764a6dc32b,0d9841f6-d3fe-4ad6-a325-2d2f7065baae,02/25/2024 07:21:02,02/25/2024 10:17:54,52.2782849,20.809238,NzcsMS41LDE5LDI0LDUyMjc4Mjg0OSwyMDgwOTIzODA=,40,4
dc631f73-ffc1-4607-9a31-7656da32f194,0d9841f6-d3fe-4ad6-a325-2d2f7065baae,02/25/2024 09:54:29,02/25/2024 13:15:14,52.278296,20.809193,NzgsMS43LDMwLDI0LDUyMjc4Mjk2MCwyMDgwOTE5MzA=,40,4
4889e3d3-db37-4e06-b4cb-87d94b137517,0d9841f6-d3fe-4ad6-a325-2d2f7065baae,02/25/2024 02:20:02,02/25/2024 13:43:09,52.278609,20.8089869,NzIsMS41LDEyLDIzLDUyMjc4NjA5MCwyMDgwODk4Njk=,40,4
994684a7-cf5d-47fd-a494-4dc0b513df21,0d9841f6-d3fe-4ad6-a325-2d2f7065baae,02/25/2024 03:20:09,02/25/2024 13:43:09,52.2784199,20.809173,NzMsMS4xLDgsMjMsNTIyNzg0MTk5LDIwODA5MTczMA==,39,4
26df518f-1dbf-48b4-aec0-664d9de50215,0d9841f6-d3fe-4ad6-a325-2d2f7065baae,02/25/2024 04:20:14,02/25/2024 13:43:10,52.27858,20.8091459,NzQsMS4zLDUsMjMsNTIyNzg1ODAwLDIwODA5MTQ1OQ==,39,4
5c0f15d1-140b-41b0-87bf-0c0fc2f5b22b,0d9841f6-d3fe-4ad6-a325-2d2f7065baae,02/25/2024 05:20:26,02/25/2024 13:43:16,52.2786789,20.809036,NzUsMS4zLDEzLDIzLDUyMjc4Njc4OSwyMDgwOTAzNjA=,40,4
4369bd75-8fe2-44af-8eca-2a5122e7a00f,0d9841f6-d3fe-4ad6-a325-2d2f7065baae,02/25/2024 11:16:36,02/25/2024 14:17:53,52.278628,20.808957,NzksMS41LDIyLDI1LDUyMjc4NjI4MCwyMDgwODk1NzA=,40,4
4a0e71fc-6469-4008-88ba-da77de88aa51,0d9841f6-d3fe-4ad6-a325-2d2f7065baae,02/22/2024 15:22:46,02/25/2024 14:39:38,52.277861,20.80931,MjUsMS44LDEwLDYsNTIyNzc4NjEwLDIwODA5MzEwMA==,39,4
9b490775-9004-44c4-8905-ec44fb707bc3,0d9841f6-d3fe-4ad6-a325-2d2f7065baae,02/25/2024 13:43:00,02/25/2024 15:38:26,52.27867,20.809121,ODEsMS4xLDIzLDI2LDUyMjc4NjcwMCwyMDgwOTEyMTA=,40,4
e7e2b21f-c91e-4991-bb32-d1eeeddec1ea,0d9841f6-d3fe-4ad6-a325-2d2f7065baae,02/25/2024 12:42:37,02/25/2024 15:38:26,52.278386,20.809022,ODAsMS45LDE5LDI1LDUyMjc4Mzg2MCwyMDgwOTAyMjA=,40,4
fe5d8e44-bcd4-48c3-ab4a-ef75bd73e185,0d9841f6-d3fe-4ad6-a325-2d2f7065baae,02/25/2024 16:13:39,02/25/2024 19:42:07,52.278336,20.809496,ODMsMS40LDIwLDI2LDUyMjc4MzM2MCwyMDgwOTQ5NjA=,40,4
98c59531-adea-4cce-afe7-993ff252c4b1,0d9841f6-d3fe-4ad6-a325-2d2f7065baae,02/25/2024 17:14:01,02/25/2024 19:42:07,52.278287,20.809355,ODQsMS4zLDIzLDI2LDUyMjc4Mjg3MCwyMDgwOTM1NTA=,40,4
18994aa8-be79-456c-8556-7f139a4ea198,0d9841f6-d3fe-4ad6-a325-2d2f7065baae,02/25/2024 18:14:12,02/25/2024 20:12:34,52.278336,20.809395,ODUsMS41LDExLDI3LDUyMjc4MzM2MCwyMDgwOTM5NTA=,40,4
dcbae529-7ba2-4603-b2da-b054d91b378d,0d9841f6-d3fe-4ad6-a325-2d2f7065baae,02/25/2024 19:14:21,02/25/2024 20:12:35,52.278166,20.8092669,ODYsMS4zLDEwLDI3LDUyMjc4MTY2MCwyMDgwOTI2Njk=,40,4
a571ec07-9f2e-4760-8926-081d2913164e,0d9841f6-d3fe-4ad6-a325-2d2f7065baae,02/25/2024 21:11:04,02/25/2024 21:38:52,52.277876,20.8090389,ODcsMS4xLDE4LDI3LDUyMjc3ODc2MCwyMDgwOTAzODk=,40,4
0e7de380-1831-4a5d-8255-a42057043327,0d9841f6-d3fe-4ad6-a325-2d2f7065baae,02/25/2024 22:37:19,02/26/2024 00:58:15,52.278426,20.809083,ODgsMS4xLDExLDI3LDUyMjc4NDI2MCwyMDgwOTA4MzA=,40,4
770cf585-481b-42f6-9776-ce337903c75f,0d9841f6-d3fe-4ad6-a325-2d2f7065baae,02/25/2024 23:37:45,02/26/2024 00:58:21,52.2788449,20.808538,ODksMS4zLDI2LDI4LDUyMjc4ODQ0OSwyMDgwODUzODA=,40,4
b33edfff-a0c2-465c-abc4-5a79a80bf452,0d9841f6-d3fe-4ad6-a325-2d2f7065baae,02/26/2024 00:38:17,02/26/2024 01:33:07,52.278602,20.80936,OTAsMS40LDMzLDI4LDUyMjc4NjAyMCwyMDgwOTM2MDA=,40,4
cf9ae69d-9a7a-436c-b815-b76fdec2fa64,0d9841f6-d3fe-4ad6-a325-2d2f7065baae,02/26/2024 01:56:45,02/26/2024 09:56:23,52.278444,20.809269,OTEsMS4xLDEzLDI4LDUyMjc4NDQ0MCwyMDgwOTI2OTA=,40,4
ab7c5f0b-0aaa-404c-b645-82e4c2af61ea,0d9841f6-d3fe-4ad6-a325-2d2f7065baae,02/26/2024 02:57:14,02/26/2024 09:56:24,52.279089,20.808802,OTIsMS45LDI5LDI5LDUyMjc5MDg5MCwyMDgwODgwMjA=,40,4
429e9d91-0b03-43bc-9caf-a9a10572911c,0d9841f6-d3fe-4ad6-a325-2d2f7065baae,02/26/2024 03:57:37,02/26/2024 09:56:24,52.278492,20.809245,OTMsMS4yLDI0LDI5LDUyMjc4NDkyMCwyMDgwOTI0NTA=,40,4
3e447067-753d-46cb-a69a-1e12ba9991df,0d9841f6-d3fe-4ad6-a325-2d2f7065baae,02/26/2024 04:57:46,02/26/2024 09:56:24,52.278394,20.8095089,OTQsMS41LDksMjksNTIyNzgzOTQwLDIwODA5NTA4OQ==,39,4
986d529e-b11f-4f1c-b67d-3bf1bfafc59e,0d9841f6-d3fe-4ad6-a325-2d2f7065baae,02/26/2024 06:58:30,02/26/2024 11:52:13,52.278058,20.8093,OTYsMS40LDIxLDMwLDUyMjc4MDU4MCwyMDgwOTMwMDA=,40,4
877e91ab-04b0-4dce-b074-5ea9eb32d55d,0d9841f6-d3fe-4ad6-a325-2d2f7065baae,02/26/2024 05:58:09,02/26/2024 11:52:13,52.278278,20.809376,OTUsMS41LDI0LDMwLDUyMjc4Mjc4MCwyMDgwOTM3NjA=,40,4
ea914322-ec5e-485e-bec7-d1357a4450e6,0d9841f6-d3fe-4ad6-a325-2d2f7065baae,02/26/2024 09:54:51,02/26/2024 14:12:05,52.27807,20.809602,OTgsMS43LDEwLDMwLDUyMjc4MDcwMCwyMDgwOTYwMjA=,40,4
0befaa18-91f1-402b-862c-77e2fddb5f6c,0d9841f6-d3fe-4ad6-a325-2d2f7065baae,02/26/2024 11:08:05,02/26/2024 14:12:05,52.278372,20.809282,OTksMS4zLDgsMzEsNTIyNzgzNzIwLDIwODA5MjgyMA==,39,4
3b883d68-b21c-4a36-b85f-165dbd6a6964,0d9841f6-d3fe-4ad6-a325-2d2f7065baae,02/26/2024 13:02:14,02/26/2024 15:13:20,52.2777839,20.808786,MTAwLDEuNSwzNiwzMSw1MjI3Nzc4MzksMjA4MDg3ODYw,41,4
d9a837bf-da93-4452-9f2a-06cc8c084c62,0d9841f6-d3fe-4ad6-a325-2d2f7065baae,02/26/2024 14:48:54,02/26/2024 16:17:09,52.2781499,20.809014,MTAxLDEuNyw3LDMxLDUyMjc4MTQ5OSwyMDgwOTAxNDA=,40,4
2c061d9b-a219-4d17-91bf-454a094667a7,0d9841f6-d3fe-4ad6-a325-2d2f7065baae,02/26/2024 18:50:00,02/26/2024 23:09:28,52.2783779,20.80916,MTA1LDEuNSwzOSwzMiw1MjI3ODM3NzksMjA4MDkxNjAw,41,4
319d5f38-ad1e-4f6d-a810-3f0d54912062,0d9841f6-d3fe-4ad6-a325-2d2f7065baae,02/26/2024 19:50:08,02/26/2024 23:32:15,52.278194,20.809194,MTA2LDEuMSw5LDMzLDUyMjc4MTk0MCwyMDgwOTE5NDA=,40,4
50437717-c9ad-430a-83e7-072c5d65c522,0d9841f6-d3fe-4ad6-a325-2d2f7065baae,02/26/2024 22:56:23,02/27/2024 00:34:08,52.278837,20.809135,MTA3LDEuNCwyOCwzMyw1MjI3ODgzNzAsMjA4MDkxMzUw,41,4
b54232a4-87e6-406b-a2c6-bba9f8702cc0,0d9841f6-d3fe-4ad6-a325-2d2f7065baae,02/26/2024 23:56:57,02/27/2024 00:34:09,52.279426,20.808997,MTA4LDEuNCwzNCwzNCw1MjI3OTQyNjAsMjA4MDg5OTcw,41,4
3cb89916-98fa-4a46-a40a-0867c3b2fa24,0d9841f6-d3fe-4ad6-a325-2d2f7065baae,02/26/2024 15:49:05,02/27/2024 03:19:59,52.278149,20.809431,MTAyLDEuNSw5LDMxLDUyMjc4MTQ5MCwyMDgwOTQzMTA=,40,4
6863d07f-7e42-413e-a72c-85b486d67a4d,0d9841f6-d3fe-4ad6-a325-2d2f7065baae,02/26/2024 16:49:13,02/27/2024 03:19:59,52.278369,20.809477,MTAzLDEuNiw4LDMyLDUyMjc4MzY5MCwyMDgwOTQ3NzA=,40,4
0d8d291b-8162-4edb-b778-b220912639d1,0d9841f6-d3fe-4ad6-a325-2d2f7065baae,02/26/2024 17:49:22,02/27/2024 03:19:59,52.279359,20.808188,MTA0LDEuMyw5LDMyLDUyMjc5MzU5MCwyMDgwODE4ODA=,40,4
7ca9de67-8a11-459d-900c-39b9c3fce7a4,0d9841f6-d3fe-4ad6-a325-2d2f7065baae,02/27/2024 04:33:27,02/27/2024 09:59:09,52.278306,20.810128,MTEyLDEuNiwyMSwzNSw1MjI3ODMwNjAsMjA4MTAxMjgw,41,4
81887991-8e7f-4a94-b987-9f211965a301,0d9841f6-d3fe-4ad6-a325-2d2f7065baae,02/27/2024 05:33:59,02/27/2024 09:59:10,52.278301,20.809293,MTEzLDEuNywzMiwzNSw1MjI3ODMwMTAsMjA4MDkyOTMw,41,4
e5621291-4ca7-42ca-b029-e9226699a79f,0d9841f6-d3fe-4ad6-a325-2d2f7065baae,02/27/2024 06:34:06,02/27/2024 09:59:12,52.278524,20.809246,MTE0LDEuNCw4LDM1LDUyMjc4NTI0MCwyMDgwOTI0NjA=,40,4
2f7b2529-d192-49bd-92f9-5fc3137970a8,0d9841f6-d3fe-4ad6-a325-2d2f7065baae,02/27/2024 07:34:11,02/27/2024 09:59:13,52.278171,20.809181,MTE1LDEuMyw2LDM2LDUyMjc4MTcxMCwyMDgwOTE4MTA=,40,4
2708b4b3-e2a8-47af-94e3-5ac4cba9a9d0,0d9841f6-d3fe-4ad6-a325-2d2f7065baae,02/27/2024 01:32:53,02/27/2024 11:08:37,52.278428,20.809118,MTA5LDEuNCwzNCwzNCw1MjI3ODQyODAsMjA4MDkxMTgw,41,4
372d7187-5294-4193-af51-c6ebf56a7f1d,0d9841f6-d3fe-4ad6-a325-2d2f7065baae,02/27/2024 02:33:03,02/27/2024 11:08:40,52.278322,20.809232,MTEwLDEuNywxMCwzNCw1MjI3ODMyMjAsMjA4MDkyMzIw,41,4
5ec8eb04-63fe-4f30-bbc3-ed0bdd2fc3f7,0d9841f6-d3fe-4ad6-a325-2d2f7065baae,02/27/2024 03:33:07,02/27/2024 11:08:41,52.278276,20.809266,MTExLDEuNSw0LDM0LDUyMjc4Mjc2MCwyMDgwOTI2NjA=,40,4
077a309d-e610-40df-bc7f-9a879fd2b97f,0d9841f6-d3fe-4ad6-a325-2d2f7065baae,02/25/2024 15:13:19,02/27/2024 14:31:51,52.278037,20.809514,ODIsMS41LDYsMjYsNTIyNzgwMzcwLDIwODA5NTE0MA==,39,4
923de966-2dea-4888-8213-8727e2708510,0d9841f6-d3fe-4ad6-a325-2d2f7065baae,02/27/2024 10:34:25,02/27/2024 14:58:32,52.278183,20.809235,MTE3LDEuMyw0MCwzNyw1MjI3ODE4MzAsMjA4MDkyMzUw,41,4
89a86668-908f-47c9-a845-26155312c0c7,0d9841f6-d3fe-4ad6-a325-2d2f7065baae,02/27/2024 09:33:45,02/27/2024 14:58:32,52.277662,20.809945,MTE2LDEuNywxOSwzNiw1MjI3NzY2MjAsMjA4MDk5NDUw,41,4
bd69bd24-fcc9-434f-9c45-a8c5c744de93,0d9841f6-d3fe-4ad6-a325-2d2f7065baae,02/27/2024 12:34:42,02/27/2024 16:55:03,52.278463,20.809799,MTE4LDEuNSwxMSwzNyw1MjI3ODQ2MzAsMjA4MDk3OTkw,41,4
d87f60fc-9532-4e71-bcb1-3a16c97dddd4,0d9841f6-d3fe-4ad6-a325-2d2f7065baae,02/27/2024 13:34:48,02/27/2024 16:55:03,52.278491,20.80923,MTE5LDEuMSw3LDM3LDUyMjc4NDkxMCwyMDgwOTIzMDA=,40,4
892716fc-fa1f-420a-96ee-fe436b605eba,0d9841f6-d3fe-4ad6-a325-2d2f7065baae,02/27/2024 16:29:25,02/27/2024 19:44:47,52.278339,20.8092149,MTIxLDEuNSw4NCwzOSw1MjI3ODMzOTAsMjA4MDkyMTQ5,41,4
1afeccbf-071d-48a8-993d-5457c11bfc5b,0d9841f6-d3fe-4ad6-a325-2d2f7065baae,02/27/2024 18:30:22,02/27/2024 21:29:18,52.278244,20.809055,MTIzLDEuNCw1LDQwLDUyMjc4MjQ0MCwyMDgwOTA1NTA=,40,4
9d3f5a90-a791-4ffd-a5d3-9a8f7d3abe5c,0d9841f6-d3fe-4ad6-a325-2d2f7065baae,02/27/2024 17:30:18,02/27/2024 21:29:18,52.278354,20.809199,MTIyLDEuMSw1NCw0MCw1MjI3ODM1NDAsMjA4MDkxOTkw,41,4
b0804ca3-1659-40b0-8554-58270257f47b,0d9841f6-d3fe-4ad6-a325-2d2f7065baae,02/27/2024 21:12:11,02/27/2024 22:17:43,52.278456,20.809059,MTI1LDEuNiw3LDQwLDUyMjc4NDU2MCwyMDgwOTA1OTA=,40,4
6b27a767-57da-4ce7-ad8e-36e289637982,0d9841f6-d3fe-4ad6-a325-2d2f7065baae,02/27/2024 22:12:21,02/27/2024 22:17:43,52.278775,20.809463,MTI2LDEuNSwxMCw0MCw1MjI3ODc3NTAsMjA4MDk0NjMw,41,4
1e619227-df83-4f83-8e43-94b6af4ef00b,0d9841f6-d3fe-4ad6-a325-2d2f7065baae,02/27/2024 23:16:18,02/28/2024 01:12:18,52.277996,20.807668,MTI3LDEuMiwzMSw0MSw1MjI3Nzk5NjAsMjA4MDc2Njgw,41,4
58aa6e79-3ee9-420c-b4c3-111cbe3d5eda,0d9841f6-d3fe-4ad6-a325-2d2f7065baae,02/28/2024 00:16:27,02/28/2024 01:12:19,52.278413,20.80867,MTI4LDEuMyw3LDQxLDUyMjc4NDEzMCwyMDgwODY3MDA=,40,4
2c73ce3f-3b7d-47fa-9283-da8c8caffd07,0d9841f6-d3fe-4ad6-a325-2d2f7065baae,02/27/2024 19:30:26,02/28/2024 03:11:46,52.278789,20.809688,MTI0LDEuNSw0LDQwLDUyMjc4Nzg5MCwyMDgwOTY4ODA=,40,4
c31f11ca-85f7-4ca7-8ba4-857c21c13d79,0d9841f6-d3fe-4ad6-a325-2d2f7065baae,02/28/2024 07:11:22,02/28/2024 10:03:39,52.2779809,20.809202,MTM0LDEuMSwyMCw0Miw1MjI3Nzk4MDksMjA4MDkyMDIw,41,4
08f8c5d9-fc1b-474e-a58e-2973b1d09b23,0d9841f6-d3fe-4ad6-a325-2d2f7065baae,02/28/2024 06:11:03,02/28/2024 10:03:39,52.278396,20.8093049,MTMzLDEuMiwxMyw0MSw1MjI3ODM5NjAsMjA4MDkzMDQ5,41,4
2ee9b6fe-36c6-4361-b667-47566bdf4cc1,0d9841f6-d3fe-4ad6-a325-2d2f7065baae,02/28/2024 02:10:40,02/28/2024 11:09:22,52.277572,20.809378,MTI5LDEuNiw4LDQxLDUyMjc3NTcyMCwyMDgwOTM3ODA=,40,4
7477eb49-b027-449d-b4b7-3903bcd8b73e,0d9841f6-d3fe-4ad6-a325-2d2f7065baae,02/28/2024 03:10:43,02/28/2024 11:09:23,52.278747,20.809589,MTMwLDEuOSw0LDQxLDUyMjc4NzQ3MCwyMDgwOTU4OTA=,40,4
832f1621-34b3-4700-b7b5-9211028a7f14,0d9841f6-d3fe-4ad6-a325-2d2f7065baae,02/28/2024 04:10:47,02/28/2024 11:09:23,52.2784059,20.809218,MTMxLDEuMyw0LDQxLDUyMjc4NDA1OSwyMDgwOTIxODA=,40,4
c0e9b2bd-995d-4634-a741-df8e1656ab64,0d9841f6-d3fe-4ad6-a325-2d2f7065baae,02/28/2024 05:10:50,02/28/2024 11:09:24,52.278121,20.8094119,MTMyLDEuNCw0LDQxLDUyMjc4MTIxMCwyMDgwOTQxMTk=,40,4
1ac570d8-7a3f-4d80-9025-725595d1aff3,0d9841f6-d3fe-4ad6-a325-2d2f7065baae,02/28/2024 10:49:01,02/28/2024 12:31:07,52.278768,20.808892,MTM2LDEuNiw4LDQyLDUyMjc4NzY4MCwyMDgwODg5MjA=,40,4
49319669-827a-4751-9167-75c0b1f40552,0d9841f6-d3fe-4ad6-a325-2d2f7065baae,02/27/2024 15:28:01,02/28/2024 14:29:18,52.278295,20.809216,MTIwLDEuMywzNSwzNyw1MjI3ODI5NTAsMjA4MDkyMTYw,41,4
09c7098c-f039-4a28-84c0-625569f1078e,0d9841f6-d3fe-4ad6-a325-2d2f7065baae,02/28/2024 09:37:43,02/28/2024 15:25:56,52.278094,20.809496,MTM1LDEuNiwyMyw0Miw1MjI3ODA5NDAsMjA4MDk0OTYw,41,4
b4634901-b989-46c4-8729-128f019823b1,0d9841f6-d3fe-4ad6-a325-2d2f7065baae,02/28/2024 15:03:43,02/28/2024 16:32:29,52.278122,20.809273,MTM5LDEuNSw5LDQzLDUyMjc4MTIyMCwyMDgwOTI3MzA=,40,4
316b413d-92e7-4070-97e3-a172ae2ac9f6,0d9841f6-d3fe-4ad6-a325-2d2f7065baae,02/28/2024 13:30:59,02/28/2024 17:03:50,52.2782849,20.809361,MTM4LDEuMiw1LDQzLDUyMjc4Mjg0OSwyMDgwOTM2MTA=,40,4
7e6c3879-96f0-4a44-9eb1-1e2a35fab30a,0d9841f6-d3fe-4ad6-a325-2d2f7065baae,02/28/2024 21:40:03,02/28/2024 21:50:43,52.278396,20.809014,MTQ1LDEuNSwxMSw0NSw1MjI3ODM5NjAsMjA4MDkwMTQw,41,4
510e93f5-4033-4e4b-b6f6-a6f830f32364,0d9841f6-d3fe-4ad6-a325-2d2f7065baae,02/28/2024 22:48:44,02/29/2024 00:21:04,52.278774,20.809094,MTQ2LDEuNSwxNSw0NSw1MjI3ODc3NDAsMjA4MDkwOTQw,41,4
56192da6-ce30-4402-a895-c592d1ded70b,0d9841f6-d3fe-4ad6-a325-2d2f7065baae,02/28/2024 23:48:57,02/29/2024 00:21:05,52.278684,20.808605,MTQ3LDEuMiwxNCw0NSw1MjI3ODY4NDAsMjA4MDg2MDUw,41,4
cc071072-a0b7-441b-b4a2-7ab55dbbf16e,0d9841f6-d3fe-4ad6-a325-2d2f7065baae,02/29/2024 01:16:50,02/29/2024 01:20:06,52.2786169,20.809228,MTQ4LDEuMywzMiw0Niw1MjI3ODYxNjksMjA4MDkyMjgw,41,4
f421c1f4-630e-49b1-8f7c-cfb35c43eba0,0d9841f6-d3fe-4ad6-a325-2d2f7065baae,02/28/2024 17:07:30,02/29/2024 02:02:57,52.27838,20.808989,MTQxLDEuMywxNiw0Myw1MjI3ODM4MDAsMjA4MDg5ODkw,41,4
2e233473-5e3a-4db2-9bc5-a570a6ef9a59,0d9841f6-d3fe-4ad6-a325-2d2f7065baae,02/28/2024 16:07:14,02/29/2024 02:02:57,52.278132,20.809211,MTQwLDEuNCw2LDQzLDUyMjc4MTMyMCwyMDgwOTIxMTA=,40,4
a831dfac-39ea-49cf-83e0-bac34881b9f4,0d9841f6-d3fe-4ad6-a325-2d2f7065baae,02/28/2024 18:07:45,02/29/2024 02:02:57,52.278213,20.809011,MTQyLDEuNCwxNiw0NCw1MjI3ODIxMzAsMjA4MDkwMTEw,41,4
fe74010e-d771-4758-b2a7-e00b1d643f45,0d9841f6-d3fe-4ad6-a325-2d2f7065baae,02/28/2024 19:08:16,02/29/2024 02:02:57,52.278115,20.809069,MTQzLDEuMywzMSw0NCw1MjI3ODExNTAsMjA4MDkwNjkw,41,4
a2aeb5e2-0bcd-4fe4-b5be-66ed7377b0c9,0d9841f6-d3fe-4ad6-a325-2d2f7065baae,02/28/2024 20:08:53,02/29/2024 02:02:57,52.2782,20.809219,MTQ0LDEuNSwzOCw0NSw1MjI3ODIwMDAsMjA4MDkyMTkw,41,4
bb833a5e-7c1c-4753-8aee-e6f53450c390,0d9841f6-d3fe-4ad6-a325-2d2f7065baae,03/01/2024 09:40:59,03/01/2024 11:34:48,52.278382,20.809186,MTU1LDEuNCwyNSw0OCw1MjI3ODM4MjAsMjA4MDkxODYw,41,4
44979175-4173-4864-be07-1f4cd7c518d4,0d9841f6-d3fe-4ad6-a325-2d2f7065baae,03/01/2024 02:18:31,03/01/2024 12:25:57,52.278131,20.809306,MTQ5LDEuOSwyNSw0Niw1MjI3ODEzMTAsMjA4MDkzMDYw,41,4
1052405a-3e2d-41a4-b23b-65f387dea779,0d9841f6-d3fe-4ad6-a325-2d2f7065baae,03/01/2024 03:18:42,03/01/2024 12:25:58,52.278573,20.809155,MTUwLDEuMywxMSw0Nyw1MjI3ODU3MzAsMjA4MDkxNTUw,41,4
7d056deb-4c12-4363-844f-851b8b34a379,0d9841f6-d3fe-4ad6-a325-2d2f7065baae,03/01/2024 11:10:23,03/01/2024 13:14:36,52.2782539,20.809207,MTU2LDEuNSwzNSw0OSw1MjI3ODI1MzksMjA4MDkyMDcw,41,4
8f21bddc-7cdb-4182-b666-669ba59ee6a5,0d9841f6-d3fe-4ad6-a325-2d2f7065baae,03/01/2024 04:19:19,03/01/2024 14:51:27,52.278326,20.809166,MTUxLDEuMiwzOCw0Nyw1MjI3ODMyNjAsMjA4MDkxNjYw,41,4
64dace64-125c-4d94-9bc8-c8a221ec0320,0d9841f6-d3fe-4ad6-a325-2d2f7065baae,03/01/2024 05:19:24,03/01/2024 14:51:30,52.278632,20.8089039,MTUyLDEuMyw2LDQ3LDUyMjc4NjMyMCwyMDgwODkwMzk=,40,4
99ebb906-6f7b-4e6e-9248-59646583f354,0d9841f6-d3fe-4ad6-a325-2d2f7065baae,03/01/2024 06:19:48,03/01/2024 14:51:32,52.278388,20.809321,MTUzLDEuNiwyNCw0OCw1MjI3ODM4ODAsMjA4MDkzMjEw,41,4
1bb12054-f64f-42ae-bb3e-2662e288aaf1,0d9841f6-d3fe-4ad6-a325-2d2f7065baae,03/01/2024 07:20:03,03/01/2024 14:51:33,52.278424,20.8082889,MTU0LDEuNCwxNSw0OCw1MjI3ODQyNDAsMjA4MDgyODg5,41,4
91efe0c5-fe8c-462c-927c-cce7c6cc1d7c,0d9841f6-d3fe-4ad6-a325-2d2f7065baae,03/01/2024 12:45:33,03/01/2024 16:46:17,0,0,MTU3LDEuNiw2LDQ5LDAsMA==,24,4
55129b79-ed9d-421c-9f0e-3817651e9fbc,0d9841f6-d3fe-4ad6-a325-2d2f7065baae,03/01/2024 13:45:55,03/01/2024 16:46:17,52.278429,20.809083,MTU4LDEuMywyMyw0OSw1MjI3ODQyOTAsMjA4MDkwODMw,41,4
76f268c3-e143-413b-a3e1-234951a0749e,0d9841f6-d3fe-4ad6-a325-2d2f7065baae,03/01/2024 18:48:30,03/01/2024 20:23:52,52.2782229,20.809601,MTYzLDEuNCwyMCw1MSw1MjI3ODIyMjksMjA4MDk2MDEw,41,4
925c8bfb-3848-4458-95e9-541209f4b732,0d9841f6-d3fe-4ad6-a325-2d2f7065baae,03/01/2024 14:46:46,03/01/2024 21:32:17,52.278586,20.809091,MTU5LDEuNSwxMCw1MCw1MjI3ODU4NjAsMjA4MDkwOTEw,41,4
ada2d4ca-eb59-4ed1-8575-b91b1be437a5,0d9841f6-d3fe-4ad6-a325-2d2f7065baae,03/01/2024 15:47:17,03/01/2024 21:32:17,52.278171,20.8092219,MTYwLDEuNCwzMiw1MCw1MjI3ODE3MTAsMjA4MDkyMjE5,41,4
e30e9f77-2c44-46d2-abf1-5027ceb71e30,0d9841f6-d3fe-4ad6-a325-2d2f7065baae,03/01/2024 16:47:48,03/01/2024 21:32:17,52.27848,20.8092739,MTYxLDEuMywzMSw1MSw1MjI3ODQ4MDAsMjA4MDkyNzM5,41,4
f3200e8b-d1ac-4a6d-91bd-685fc17a182b,0d9841f6-d3fe-4ad6-a325-2d2f7065baae,03/01/2024 17:48:10,03/01/2024 21:32:17,52.278242,20.80994,MTYyLDEuNiwyMiw1MSw1MjI3ODI0MjAsMjA4MDk5NDAw,41,4
998874ea-4a67-427d-bc2f-3af951e5f1eb,0d9841f6-d3fe-4ad6-a325-2d2f7065baae,03/01/2024 21:21:47,03/01/2024 21:41:34,52.278875,20.809756,MTY0LDEuMywzNSw1Miw1MjI3ODg3NTAsMjA4MDk3NTYw,41,4
78bb39cf-1c57-4abd-9443-9fb40cf7c94c,0d9841f6-d3fe-4ad6-a325-2d2f7065baae,03/01/2024 22:40:32,03/02/2024 00:33:57,52.278385,20.809347,MTY1LDEuNiwyMyw1Miw1MjI3ODM4NTAsMjA4MDkzNDcw,41,4
0eb2ea8c-c6f7-4e19-9c4a-85fb93fcab23,0d9841f6-d3fe-4ad6-a325-2d2f7065baae,03/01/2024 23:40:43,03/02/2024 00:33:58,52.278237,20.809228,MTY2LDEuNSwxMiw1Myw1MjI3ODIzNzAsMjA4MDkyMjgw,41,4
1656b64c-8af9-4724-b1ff-b1212a2d04ee,0d9841f6-d3fe-4ad6-a325-2d2f7065baae,03/02/2024 01:30:33,03/02/2024 01:34:33,52.278284,20.809835,MTY3LDEuNCwxNiw1Myw1MjI3ODI4NDAsMjA4MDk4MzUw,41,4
